"match","R1","R2","R3","B1","B2","B3"
1,4821,2910,339,4472,5549,836
2,1629,4099,686,422,1727,2890
3,1086,449,5338,614,1731,9072
4,2106,836,339,4821,4472,8592
5,2910,422,5549,1629,686,2890
6,614,9072,449,1086,4099,1727
7,339,5338,8592,1731,2106,4821
8,2890,686,4472,2910,836,1629
9,449,9072,422,4099,5549,614
10,8592,1086,2106,1727,5338,1731
11,686,4821,836,2910,339,1629
12,4472,4099,9072,614,422,449
13,5549,1727,2106,2890,8592,1731
14,5338,2910,686,1629,339,1086
15,4472,614,4821,449,4099,422
16,836,1731,1727,9072,5549,8592
17,2890,5338,2910,2106,1086,686
18,422,1629,4472,339,614,449
19,5549,4821,1727,8592,1731,4099
20,2890,836,1086,5338,9072,2106
21,2910,1629,614,422,339,4472
22,1731,449,5549,686,1727,8592
23,836,2890,9072,5338,4821,4099
24,1086,422,614,2106,2910,4472
25,5549,1727,339,449,686,1731
26,8592,1629,5338,836,2890,4099
27,4821,2106,422,9072,1086,2910
28,686,339,5549,1727,4472,449
29,4099,8592,2890,5338,614,836
30,1731,2106,1629,9072,1086,4821
31,1727,449,2910,339,686,422
32,4099,8592,836,5549,2890,5338
33,1731,4472,1086,9072,4821,1629
34,614,686,1727,2106,2910,339
